company_name,post_title,job_category,part_full_time,location,details
City of Portland,Data Engineer (Applications Analyst IV-Generalist),Engineering,Full Time,Portland,"Data Engineer (Applications Analyst IV-Generalist)Salary$48.34 - $68.03 HourlyLocation1120 SW 5th Ave, ORJob TypeRegularJob Number2024-00662BureauBureau of Technology ServicesOpening Date07/01/2024Closing Date7/15/2024 11:59 PM PacificAbout the Position:This Data Engineer position within the Bureau of Technology Services will be assigned to the Portland Bureau of Transportation (PBOT) Technology Team.  In this role, you’ll be helping PBOT drive towards data informed decision making. This role is pivotal in utilizing data at any scale across platforms that exist both on-premises and in the cloud. Your expertise will help create and integrate datasets that assist PBOT with operating efficiently and accurately.Key Responsibilities:• Data Pipeline Development: Design, develop, administer, and maintain processes that move and integrate data between systems that are internally or externally hosted using Python, SQL Server, Apache Spark, and PowerShell. Systems include but are not limited to SQL Server, ESRI geodatabases, IBM Maximo, Azure storage, external and internal APIs, and file shares. Guide other team members when developing and maintaining data pipelines.• Database Administration: Develop database schemas, manage users and roles, perform data maintenance tasks and ad-hoc queries. Optimize queries to increase efficiency and handling of large volumes of data. Manage promotion and testing of changes through deployment environments.• Data Reporting: Design and develop reports, visualizations, and dashboards using SQL Server Reporting Services, Crystal Reports, and PowerBI. Collaborate with users to understand needs and develop solutions to help them understand and use data.• Collaboration: Work closely with cross-functional teams including software developers, data analysts, and business system analysts to develop solutions for PBOT. Document data processes, systems, and workflows to ensure transparency and facilitate knowledge sharing.For more information, please check out our Jobs page: https://apptrkr.com/5373864"
Vacatia,Senior PHP Software Engineer (Symfony Focus),Engineering,Full Time,Portland,"Department: EngineeringReports To: VP of EngineeringSummary:Vacatia, an innovative hospitality company reinventing the timeshare experience, seeks a US-based, experienced Senior PHP Software Engineer specializing in Symfony. At Vacatia, we're revolutionizing how families plan and experience vacations, similar to how Epic Pass transformed the ski industry or Netflix disrupted the movie rental landscape. As a Senior PHP Engineer, you'll play a pivotal role in building and enhancing our cutting-edge platform that empowers families to discover, book, and enjoy memorable vacations year after year.You'll work in a collaborative environment on small, autonomous teams, where you'll have the opportunity to make a significant impact. If you're a passionate and adaptable engineer who thrives in a fast-paced startup environment, we want to hear from you!Responsibilities:Leverage your deep expertise in PHP and Symfony to architect and develop robust, scalable software applications.Write clean, maintainable, well-tested PHP code adhering to best practices.Integrate with third-party APIs and services to expand our platform's capabilities.Stay abreast of the latest trends and advancements in PHP, Symfony, and related technologies.Break down large, multi-week projects into manageable tasks and milestones.Communicate effectively with technical and non-technical audiences, articulating complex engineering concepts clearly and concisely.Write automated tests to ensure code quality and reliability.Identify, prioritize, and address technical debt in legacy codebases while minimizing disruption to existing functionality.Drive product innovation through the implementation of new features and improvements.Qualifications:Must be based in the United States.Bachelor's degree in Computer Science or a related field or equivalent experience8+ years of professional experience in full-time software engineering or PHP development, with a strong focus on object-oriented programming and design patterns.Extensive expertise in the Symfony framework, including experience with Doctrine ORM.High proficiency in SQL (MySQL or PostgreSQL); experience with Snowflake is a plus.Deep understanding of the PHP ecosystem, libraries, tools, and best practices.Experience with API design, development, and integration technologies (e.g., RESTful APIs, GraphQL, API gateways).Experience with Vue.js/React, and Twig.Hands-on experience with Amazon Web Services (AWS).Proficient in source control environments like GIT.Familiarity with container-based technologies such as Docker and KubernetesTrack record of successfully managing and delivering complex software projects within established timelines.Experience with automated testing frameworks (e.g., PHPUnit, Behat) and CI/CD tools (e.g., GitHub Actions,AWS CodePipeline).Proven experience in maintaining and refactoring legacy codebases, balancing short-term needs with long-term sustainability.Strong analytical skills and ability to solve problems through data analysisPreferred Qualifications:Contributions to open-source PHP projects or Symfony community.Experience with other PHP frameworks (e.g., Laravel, Zend).Experience working in the hospitality or travel industry.Experience integrating applications with Salesforce.Master's degree in Computer Science or a related field.Compensation:$150,000 - $180,000 annually (Depending on experience and qualifications)Equity optionsComprehensive benefits package (see below)Benefits:Choose your preferred work environment: Mac or PCEnjoy discounted travel to our resortsFlexible and unlimited PTOCollaborative culture with no micro-managementJoin a small, highly-skilled tech teamFully remote work optionsComprehensive healthcare401K matching plansAbout Vacatia:Vacatia is a VC-backed company headquartered in San Francisco, with offices in New York City and Portland, Oregon. We're a team of passionate innovators dedicated to transforming the timeshare industry and making family vacations better. Join us on our exciting journey to redefine the way families travel and create lasting memories!Apply:Please send your cover letter and CV to kris.wallsmith@vacatia.com. "
Workese,Enterprise Application Python Developer,Engineering,Full Time,Portland,"QualificationsDegree in Computer Science, Electrical Engineering, Computer Engineering, Information Systems, IT, Mathematics, or Equivalent (e.g. Boot Camp plus experience)Enterprise Application Development backgroundWeb Application Development experienceFull Stack experience  1 to 5 years of experience in Enterprise Application Python developmentDeep understanding of the software development life cycleExcellent written and verbal communication skillsTechnically inquisitive, self-learner, team player, and highly motivatedStrong work ethics and creative problem-solving abilitiesResponsibilitiesWrite scalable and effective code in PythonWrite and extend server-side web application APIs and microservices for an event driven enterprise applicationConnect applications with third-party web servicesDevelop and execute unit, functional, and end-to-end tests Diagnose and fix bugs in applications and softwareEnvironmentFlexible work scheduleFull remoteSupportive team environmentImportant NoteWorkese is an early stage company using AI and SMS to address the needs of small businesses and the founders have experience building similar systems for such customers.  We are pre-revenue.  We expect to go into Beta within 3 months. We are self-funded to date and none of us are taking salaries.  If you were to join us, you would have equity participation in the company, but you should expect NO SALARY OR BENEFITS FOR A MINIMUM OF 3 MONTHS and perhaps as long as 6 months.  There is no guarantee that we will secure funding and be able to pay salaries.  This is an exciting opportunity to join a small team and help build something from the ground up with no legacy code, technical debt or current maintenance commitments to deal with.  If you're qualified and interested, please send your details to careers@workese.com."
Expensify,Customer Champion,Customer Success / Support,Full Time,Portland,"Your Mission, Should You Choose To AcceptJoin our passionate team of customer experts to solve a real-world problem, and help people spend less time managing expenses and more time pursuing their real goals. As we revolutionize the way people manage their expenses, being part of the Expensify team means building the easiest, fastest, and most efficient platform to automate everything expense-related.Customer Champions At ExpensifyThe Expensify Concierge team is responsible for guaranteeing an amazing end to end user experience for all customers by being Expensify product experts. We work closely alongside a tight network of internal and external partners to manage the Expensify customer ecosystem. We take a unique immersive approach to understanding every part of the customer journey: from account management, frontline support and troubleshooting, KYC checks, quality assurance, documentation, to producing training material, and more - this is a generalist Customer Champion role like no other! About YouYou are eager to grind through a stack of well-defined, repeatable micro-tasks every day, with attention to detail and sustained urgency.You revel in improving processes to make your micro-tasks more efficient and scalable.You are able to discover and teach yourself the nuanced details of a complex, continuously changing product serving a sophisticated, international accounting audience with minimal support.You are patient and calm when things go wrong, recognizing that you are directly responsible for hearing and managing customer concerns with a positive spirit.You are a skilled communicator, especially in written form, to simplify financial topics to customers and complex topics to your teammates. You thrive in an environment with minimal supervision and can stay on task and find ways to fill your extra time constructively without a direct manager.You are tech-savvy and can learn new tools, both open and proprietary, as well as largely support your own IT needs.You embrace change when the company changes and grow to ensure you get better year after year. You collaborate with enthusiasm and humility, without regard for whose idea is best, and celebrate being wrong as an opportunity for self-improvement.You’re excited by our culture of Live Rich, Have Fun, and Save the World, and have an ambition you’re incredibly passionate about that Expensify can help you achieve.Daily Focus & ResponsibilitiesOperational Support: Protecting Expensify and customer fundsDirectly managing banking operations KYC flowsDiligently following operational protocols and written instructions across a broad range of operational tasks Flagging and blocking fraud risksAccount Management: Building and maintaining strong customer relationships with our biggest enterprise users and increase retentionActively engaging key contacts over chat and callsEducating users on best practices and in-product solutions to their problemsUpselling the adoption of new featuresResearching and understanding advanced features like APIs, accounting, and HR integrationsIdentifying, responding to, and reversing churn signalsFrontline Customer Support: Maintaining standards of excellence across our multiple support tiersDeveloping and delivering high-quality trainingQuality assuring frontline support customer interactions Meeting KPIs Product Support: Identifying and resolving bugsTriaging and troubleshooting user errorsGathering comprehensive details about customer bugs, and being able to classify bugs based on their severity and the extent to which they affect user experience or system functionalityWorking alongside our engineering community to identify and deploy solutions Developing and sharing expertise of Expensify and its partners’ platformsSynthesizing customer feedback and data to inform decisions on the product roadmap and product improvementsWe’re Looking For Someone Who CanContext switch their #focus between multiple problem areas across every working dayFix the small things AND the big things with the same can-do positive attitude and #humilityDeliver quality #results by taking a concept from ideation to executionWork autonomously with a good awareness of how to self-service vs when to ask for helpShow commitment to developing diverse new skill sets that directly help the teamExpress themselves confidently and effectively in both written and verbal contextsBreak down technical concepts in non-technical and jargon-free languageAsk AND answer questions thoughtfully, by proactively taking time to share knowledge with othersThink critically and apply reasoning to solve problems when written instructions do not existUse logic and research to surface what opportunities are the best use of resources for ROI Compensation & BenefitsFull-time, salaried position401k with employer match100% Medical/Dental/Mental Health support/Vision contributions$20k annual family planning benefit through CarrotUp to three months of fully paid parental leave, with up to six months for birthing parentsCommuter benefitsFlexible vacation policyNext StepsLike what you see? Applying is easy, but it takes time. See, while we know you're awesome, it's actually really hard and time-consuming to find you in the midst of literally hundreds of other applications we get from everyone else. So this is where we're going to ask our first favor: can you make it really easy and obvious how great you are, so we don't accidentally overlook you? There are many ways to do that, but the easiest way to help us out is by answering the following questions:When did you first start supporting customers, and what is your proudest customer success story from your career so far?Can you describe a time when you dealt with a particularly complex customer situation? What were the challenges involved, and what specific actions did you take to achieve a positive resolution?If you were tasked with analyzing customer behavior and recommending product-driven solutions, how would you approach that problem?What do you want to do with the rest of your life, and how is Expensify a step toward your long-term goals? (We’re serious, we want to know! Share what you’re comfortable sharing, but we are a group of ambitious individuals building a community of people who want to achieve success in every aspect of our lives, and we encourage employees to figure out how they can use Expensify to realize their personal goals with the support of the company around them.)How did you hear about us? A job posting? Chalk on a sidewalk? From a friend? Let us know where you saw this opening.Please note that we are only looking for candidates who are based in San Francisco, CA, or Portland, OR.Resume not your thing? That’s great, we don’t really read them anyway! Forward your responses to the questions to apply@expensify.com. We're excited to hear from you!Location:San Francisco, CA or Portland, ORBenefits (included in the description but also listed below!)401k with employer match100% Medical/Dental/Mental Health support/Vision contributions$20k annual family planning benefit through CarrotUp to three months of fully paid parental leave, with up to six months for birthing parentsCommuter benefitsFlexible vacation policy‍"
Lane Council of Governments,GIS Applications Support Associate,Customer Success / Support,Full Time,Eugene,"This position plays a key role in utilizing the OutSystems no-code web development platform to contribute to the design and development of an updated version of RLID (www.rlid.org), a prominent land information research and reporting tool akin to Zillow. This multifaceted position involves providing essential support and training to the RLID user community, crafting comprehensive training materials including videos, designing and producing reports, and conducting data research and analysis utilizing Esri GIS tools and T-SQL within Microsoft SQL Server. Additionally, the successful candidate will collaborate closely with the RLID Team and LCOG GIS Staff on various GIS, database, and data development projects.We are seeking an enthusiastic and team-oriented individual who is passionate about enhancing RLID's functionality and user experience. This role presents a unique opportunity for professional growth, allowing the candidate to cultivate skills in T-SQL, application design and development, GIS, and User Experience (UX). Join our successful venture and contribute to the development of the next-generation RLID, delivering exceptional value to our region."
State of Oregon,Systems Administrator (Oregon Department of Agriculture),Customer Success / Support,Full Time,Salem,"Join the Oregon Department of Agriculture (ODA) as a Systems Administrator (Information Systems Specialist 6).Are you humble, hungry, and smart? Do you like helping people solve problems? Do you believe that customer service is prompt, accurate, and courteous? Do you have a proven track record of ensuring the smooth operation of networks, servers, and business systems while delivering a superior customer experience? If so, come join our Information Technology team!Why the Oregon Department of Agriculture (ODA):Innovative Mission: At ODA, we’re at the forefront of protecting and promoting Oregon’s agricultural communities and economies.Diverse Programs: ODA has 38 programs ranging from our staff and constituents in their dusty boots out in the fields to clean high-tech labs that serve every Oregonian.Collaborative Agency: The staff, ""aggies"" at ODA, are unified in the mission to support our farmers and ranchers across the state. As a User Support Analyst, you will work across programs to provide support and assistance to staff across the State. The Systems Administrator (Information System Spec. 6), is a full-time permanent position located in Salem, Oregon.What you’ll be doing:Implement and maintain network infrastructure, including switches, routers, wireless access points, firewalls, VPNs, etc.Install, configure, and maintain server operating systems (Windows, Linux, etc.) in virtualized environments using technologies like VMWare and Azure PortalMonitor server performance and resource utilization, remediating issues when necessary, and perform routine backups and disaster recovery procedures.Work with internal developers, vendors, and other 3rd parties to install, configure, and customize business systems to meet the specific needs of the organization.Provide timely evaluation and deployment of operating system and application patches to ensure system security, stability, and performance.Provide technical support for escalated help desk tickets, resolving complex issues in a timely manner.Troubleshoot and resolve advanced technical issues related to system access, email, phones, video conferencing, printing, laptops/desktops, mobile devices, and other peripherals, etc.Communicate effectively with end-users to understand their technical needs and provide appropriate solutions.Coordinate and facilitate solutions with service providers, vendors, other agencies, and other external parties to deliver seamless service experience to end users.Document and maintain responses and resolutions to issues in ticketing system and create knowledge base articles for common technical problems and solutions."
HILOS,Senior 3D Engineer,Engineering,Full Time,Portland,"ROLEThe 3D team at HILOS is responsible for building out the HILOS design system and establishing the next century of footwear design and manufacturing. Senior 3D engineers work in a fast-paced, highly innovative environment with design leaders from across the industry. They are responsible for creating watertight and printable 3D files of footwear componentry, incorporating both HILOS technology and the design intent and direction of our partners. An effective 3D engineer combines a good knowledge of footwear construction and manufacturing with an expert level command of 3D design software and product creation pipelines.RESPONSIBILITIESTangibly, the Senior 3D Engineer is responsible for the following:- Delivering accurate 3D assets on time that realize the design intent of the client.- Supporting the active management of our development process and project planning work.- Working with HILOS supply chain partners, including printing partners and factory partners, to ensure the design to print process is running accurately and efficiently.- Supporting the development of 3D engineering standards across HILOS footwear, including lattice and construction standards across each patented method of make.- Supporting advanced concepts and R&D to continually expand HILOS product capabilities and capacities. NECESSARY EXPERIENCEQualified candidates will have a high degree of specialized technical development experience in footwear across 3D engineering, traditional construction techniques, and footwear manufacturing. This includes expert level capabilities across 3D design software, generative design software, and parametric modeling with the following tools:Rhino+grasshopperBlenderZbrushNetfabbSolidworksAdobeSubstanceHoudiniGravity sketchMayaFusion360ModoCatiaBENEFITSHilos offers all employees unlimited time off, medical, dental, and vision insurance, equity in the company, and a flexible work environment.DIVERSITY, EQUITY, & INCLUSIVITYWe believe that we can only succeed as a team with the inclusivity of diverse voices, points of view, and experiences. We are committed to an equitable workplace and believe deeply in diversity of race, gender, sexual orientation, religion, ethnicity, national origin, and all the other characteristics that make us different. We strongly encourage applications from people of all backgrounds and communities. If you require additional accommodation during the interview process, please let us know.This role requires confirmation of legal authorization to work in the United States."
State of Oregon,User Support Analyst (Information Systems Specialist 5),Customer Success / Support,Full Time,Salem,"Initial Posting Date: 03/22/2024Application Deadline:04/03/2024Agency:Department of AgricultureSalary Range:$5,291 - $8,001Position Type:Employee‍Position Title:User Support Analyst (Information Systems Specialist 5)Job Description:Are you humble, hungry, and smart? Do you like helping people solve problems? Do you believe that customer service is prompt, accurate, and courteous? Do you have a proven track record of providing technical support to users while delivering a superior customer experience? If so, come join our Information Technology team!‍Why the Oregon Department of Agriculture (ODA):Innovative Mission: At ODA, we’re at the forefront of protecting and promoting Oregon’s agricultural communities and economies.Diverse Programs: ODA has 38 programs ranging from our staff and constituents in their dusty boots out in the fields to clean high-tech labs that serve every Oregonian.Collaborative Agency: The staff, ""aggies"" at ODA, are unified in the mission to support our farmers and ranchers across the state. As a User Support Analyst, you will work across programs to provide support and assistance to staff across the State.What you’ll be doing:This position reports to our Salem headquarters just 2 blocks from the State Capitol. You’ll work in-person in the office to serve internal customers and collaborate with the ISS Team. In this role you will:Respond to user inquiries and technical issues via phone, email, or in-person, and provide timely and effective solutions.Diagnose and troubleshoot first- and second-level hardware, software, and network problems.Facilitate the prompt and seamless escalation and follow-up of more complex technical issues to the appropriate person(s).Collaborate with others to resolve issues and ensure seamless service delivery.Provide technical training and guidance to users to ensure they make the most effective use of technology.Administer user accounts, permissions, and access controls to ensure security and compliance with company policies.Administer asset and inventory system to properly track and maintain records of hardware and software assets.What we’re looking for:Experience providing in-person and remote support in a technical support role.Experience troubleshooting computer desktop hardware and peripherals.Experience troubleshooting system and application problems.Special consideration given to those with experience supporting both the Apple and Microsoft family of Operating Systems and Applications.Experience documenting incidents, technical writing, knowledge articles and delivering customer-focused training.Effective and precise writing, grammar, and verbal communication skills.Self-motivated with an ability to manage time well, multitask, and prioritize workload and to work independently under pressure of tight deadlines.Proven ability to build relationships across an organization and develop collaborative partnerships.Ability to model empathy, compassion, and maturity as a member of a diverse team.Commitment to providing a superior customer experience.In order to qualify for this position, applicants must meet the minimum qualificaitons listed below: Three (3) years of information systems experience in a technical support role;Or, an Associate's degree in Computer Science, Information Technology, or related field, or completion of an accredited vocational training program in information technology or related field; AND two (2) years of experience in a Customer Service roleA Bachelor's degree in Information Technology, Computer Science, or related field may substitute for all of the above.‍If you have these qualities, let us know through your application materials! It’s how we will choose whom to move forward.Projected Recruitment TimelineRecruitment Closes: April 3, 20241st Round 30 min Interview: Apr 8 - 12, 20242nd Round if needed: Apr 15 - 19, 2024*These dates are approximate and may change. *‍How to apply:A cover letter and resume are required. Your cover letter should demonstrate how your experience and training relate to your qualities under the ""what we’re looking for"" section above.Your cover letter may be addressed to the hiring manager, Ryan Schlunz, CIO.Upon submitting your application, please check your Workday account for additional tasks to complete, such as questionnaires, and to request veteran's preferences (if applicable).‍What’s in it for youThe opportunity to work in a productive and creative environment where no two days are the same! We offer a competitive benefits package, including comprehensive medical, vision, and dental benefits for employees and their qualified family members, as well as paid sick leave, vacation leave, personal leave, and 11 paid holidays a year. In addition, we offer membership in the Public Employees Retirement System (PERS), deferred compensation, and the opportunity to receive loan forgiveness under the Public Service Loan Forgiveness Program (PSLF).‍Additional Information:For current state employees, please apply through your employee Workday account.Please ensure you've provided a thorough and updated application regarding the position for which you are applying. The required application materials submitted at the time of application will be used to determine salary based on a pay equity assessment. For further information, please visit the Pay Equity Project homepage.This position is represented by SEIU.This recruitment may be used to fill future vacancies.The salary listed is the non-PERS qualifying salary range. If the successful candidate is PERS qualifying, the salary range will reflect the additional PERS contribution. Please review the Classification and Compensation page for more details, or you may visit our website.United States Employment Eligibility: The Oregon Department of Agriculture does not offer visa sponsorship. Within three days of hire, all applicants will be required to complete the US Department of Homeland Security's Form I-9, confirming authorization to work in the United States. The Oregon Employment Department is an E-Verify employer. If you are a successful candidate, you must present your I-9 acceptable documents (See page 3) for employment verification."
Columbia Sportswear,Workday Product Owner,Product,Full Time,Beaverton / Hillsboro,"ABOUT THE POSITIONAlthough we're an apparel and footwear focused company, technology is central to everything we do. Columbia Sportswear’s Digital Technology group (CDT) enable an IT infrastructure across four global brands, a global supply chain, and 500+ geographically dispersed stores. These teams support in-store, mobile, and data platforms to enhance customer interface and service in an ever-evolving industry.As a Workday Product Owner, you will be responsible for managing and optimizing our Workday Human Capital Management (HCM) system. You will work closely with cross-functional teams to ensure the successful implementation, configuration, and maintenance of Workday modules. Your role is crucial in driving the strategic direction of Workday initiatives to enhance HR processes and improve overall efficiency.HOW YOU'LL MAKE A DIFFERENCEBe the voice of the customer for the engineering team with the What and Why. Translate stakeholder needs into well-written stories which allows the engineering team to deliver the productDefine and execute the product visionPrioritize work with the various stakeholders and resolve discrepanciesMaintain the Product Backlog for the teams, establish acceptance criteria and participate in agile ceremoniesRefine roadmap, backlog and priorities based on internal and external end-user feedback to balance needs of the users with the need to maintain the lifecycle of services. Execute the product vision and roadmap. Gather requirements and work closely with engineering partners to ensure deliverable  are met.Incorporate governance strategies for technology lifecycle, security, compliance, operational performance, and user experienceOversee the configuration of Workday modules to meet business needs.Ensure the system is optimized for performance and user experience.Stay current with Workday updates and industry best practices.YOU AREAn agilest that understands how to apply agile methodologies and approaches to Infrastructure teamsA creative thought leader that is consultative in their approachAn evangelist that drives common vision, practices, and capabilities across teams and stakeholdersDriven to continuously learn and help others, highly collaborative, and experienced with Agile and scrumAn active listenerAn excellent communicator that can document and present complex technical information in a clear and concise manner to a variety of audiencesAn analytic thinker and problem solver who enjoys diving into problems and finding creative solutionsYOU HAVEBachelor's Degree in Business or Computer Science OR related field or related work experience.Minimum of 3-5 years of experience as a Product Owner or in a similar role, preferably with Workday HCM.Proven experience in managing HR technology projects.Strong understanding of Workday HCM modules and functionality.Workday certification(s) preferred.Experience driving roadmap strategy and definition, developing technical requirements, product roadmaps and backlogs, and end-to-end product deliveryWorkday certification(s) preferred.‍"
Biamp,DSP Engineering Manager,Engineering,Full Time,Beaverton / Hillsboro,"The role, at a glance:Biamp is seeking a technical manager with overall responsibility for the Digital Signal Processing (DSP) team within the Engineering department. This role reports to the Director of Software Engineering and will be based at Biamp world headquarters in Beaverton, OR.The main objectives of the DSP function are to provide engineering resources for the algorithm design and execution of professional audio products. The successful applicant will be a signal processing subject matter expert with a minimum of 5 years successfully managing technical teams, or a technical manager with a minimum of 7 years successful experience and expertise in a related discipline.How you'll contribute:Drive corporate continuous improvement in the design, execution, and knowledge of signal processing.Recruit, hire and retain staff to achieve the signal processing objectives of new product and maintenance projects.Identify and facilitate function and team member development goals.Estimate development timelines.Suggest and propel forward-looking platform and product architecture decisions involving signal processing.Collaborate with peer managers on department level improvements.Translating customer requirements into technical specifications.Preparing technical reports and presentations as required.Supporting product management and marketing with product information.Supporting product demonstrations and trade shows.A successful candidate should have:Bachelor’s degree in Electronics, Computer Science, Mathematics, or related field. Master’s degree a plus.5 or more years successfully managing technical teams.Experience delivering algorithms across multiple platforms and operating systems.Strong understanding and experience in DSP algorithms including FFT, FIR, IIR, and adaptive filters.Experience working in multiple levels of programming languages – e.g., MATLAB, C++, C, assembly.Ability to thrive in a needs-first culture.Work environment:This is an onsite position based in Beaverton, OR.Standard office hours, with some requirements for domestic and international travel to vendors and trade shows (less than 10%)Routine use of standard office equipment.What we offer:Medical, Dental, and Vision3 weeks annual PTO and 9 paid holidays401(k) + matchingEmployer-paid base life insurance, short, and long-term disabilityHealth savings accounts (with Biamp contribution) and flexible spending accountsTuition reimbursementDiscretionary profit-sharingReferral bonusesCharitable donation matchingWho is Biamp?We make the world’s most extraordinary audio and video solutions. For over 40 years, Biamp has created and innovated professional audiovisual solutions that enable great communication. From the smallest of rooms to the largest of venues, we empower true human connection in every space.As we grow to meet our customers’ needs and evolve to address the challenges of tomorrow, one guiding principle remains the same:Biamp connects people through extraordinary audiovisual experiencesAbout our company:At Biamp, we believe the employment relationship should be reciprocal. We want you to love your job, and we want your expertise and knowledge to help drive our business forward. We champion a supportive and dynamic environment filled with passionate people who choose continuous improvement over perfection. We insist on clear, explicit decision making, believe in taking calculated risks, and celebrate tough decisions even when they don’t succeed. We look for people who desire the best from themselves and encourage the same from their coworkers. Our commitment to one another and to the common goal is the most consistent reliable path to recurring success for all of us.Biamp is an Equal Opportunity Employer. All qualified applicants will receive consideration for employment without regard to race, color, religion, sex, sexual orientation, gender identity, national origin, or protected veteran status and will not be discriminated against on the basis of disability.‍"
Adidas,Technical SEO Assistant Manager,Business & Management,"",Portland,"As the Technical SEO Assistant Manager at adidas your role is to drive organic traffic to adidas eCom through technical SEO initiatives. You will work with the broader SEO team to develop technical SEO strategies driven by testing, search data, analysis, and will communicate the impact of SEO projects to wider partners. Key ResponsibilitiesWork with internal partners to develop and action on scalable technical SEO strategies that drive organic traffic growth.Serve as the voice of Technical SEO for adidas NAM and collaborate on advancing SEO knowledge and considerations.Work with product development teams to prioritize SEO tickets using data-driven insights and advise dev teams on impact of product releases on SEO.Run SEO split tests to validate the impact of SEO changes and initiatives.Log file analysis, Google Search Console (GSC) audits and content monitoring.Identify and fix crawling or indexation issues.Technical audits to improve page performance, Core Web Vitals, and site stability.Measure and report results of SEO activities and projects and communicate these to wider partners.Initiate SEO projects (relating to on page optimizations, content, promotions, etc.) to grow a multimillion-dollar revenue channel by addressing internal organization, and onsite elements.Be able to explain the impact of SEO on larger business objectives.Utilize data to get SEO initiatives prioritized and resourced.Work cross-functionally with global and market teams to create synergies, address opportunities and drive revenue.  Key RelationshipsGlobal Product TeamsGlobal & EU SEODigital Visual Merchandising (DVM)Consumer Experience, Wayfinding & Personalization TeamsDTC Marketing & MediaPromos WorkstreamAnalyticsVendors & Agencies  Knowledge, Skills and AbilitiesExcellent communication skills, comfortable presenting in person and remotely.Ability to work in a cross-functional organization efficiently and fluidly. Ability to develop collaborative relationships with partners from digital and non-digital disciplines on all levels.Creative and energetic team player who has a passion for SEO.Experience with SEO tools such as GSC, Keyword Planner, Screaming Frog, Ahrefs, ContentKing, and Botify (and/or DeepCrawl, OnCrawl).Experience with reporting tools such as Google Analytics and Adobe Omniture.Understanding of front-end web technologies, including HTML, CSS, JavaScript, and schema markup.Extremely analytical, data driven and a clear, independent thinker.Understanding of SEO split testing. Experience with SEO testing platforms a plus.A technical skill set including applied knowledge of bot behavior monitoring, server log analysis, modifying robots.txt, XML sitemaps, understanding and developing canonical, noindexing and cannibalization strategies, server- vs. client-side rendering, and a mobile-first mindset.Fluent in English Requisite Education and Experience / Minimum Qualifications 3-4 years of digital marketing experience with 2+ of those years focused on SEO and 1+ years of hands-on tech SEO execution. Role is a growth opportunity for Sr. Specialists or Strategists coming from either in-house and/or a reputable agency.Experience in eCommerce environment a plus.Either a Bachelor’s degree in Marketing, Communications, Business, Computer Science or equivalent work experience.Strong analytical and commercial skills required.Basic experience with digital marketing in a brand environment.Basic experience working with Agile development teams.Advanced computer skills with proficiency in Excel. Diversity, Equity, and Inclusion at adidas means championing individual uniqueness and cultivating a culture of belonging in which everyone can create at their best.  We embrace diverse backgrounds, experiences, and perspectives and seek to create a workforce that reflects our consumers and communities. adidas offers robust and progressive medical, including HSA (Health Savings Account) with employer funding or FSA (Flexible Spending Account) options, dental, vision, prescription drug coverage, adoption, with surrogate and fertility support, short and long-term disability, and basic life and AD&D insurance, which can be supplemented with employee-paid coverage. Employees are able to enroll in adidas’ 401k plan and Stock Purchase Plan with employer match. Full-time employees are eligible for education assistance and generous Leave policies including 14 weeks of paid parental leave.  Employees are eligible to earn ​an annual bonus based on both company and personal performance.​ Employees accrue prorated flexible time off in the amount ​.4388​ hours per day that increases with years of service,  ​twelve​ paid holidays throughout the calendar year and Service Time Off during milestone years.  We officially returned to office in a hybrid work environment, working 3 days in office and 2 days remote.  The working location of this position is Portland, OR.   Though our teammates hail from all corners of the world, our working language is English. ‍"
Tektronix,Financial Systems Analyst - Oracle Systems,Finance & Legal,Full Time,Beaverton / Hillsboro,"We are seeking Finance Systems Analyst of Oracle Systems to join our group in Corporate Accounting. Come and apply your knowledge and years of experience in supporting system implementations, project work and operational improvements Globally! We are looking for a senior level financial systems analysts to support Accounts Receivable, credit, collections, invoicing, and revenue management.Sound like the role for you? Partner with Tek today and apply!Responsibilities:Maintain worldwide Oracle configurations for Receivables, Sabrix and Virtual Trader for all Tektronix companiesCoordinate on global projects (system upgrades and enhancements) that support the Finance organizations strategies – Project currently underway to convert Order Management and Accounts Receivables from a standalone Oracle 11i instance to a shared R12 instanceWeekly and monthly system close responsibilities requiring occasional weekend and after-hours workFirst line user support for Oracle Receivables related system issues and questionsRespond to questions from departments outside of Receivables regarding Receivables, Revenue and Tax accountingParticipate in Oracle Change Control Committee to represent the needs of Receivables, supporting and prioritizing work assignments that increase company sales growth, maintains company compliance and delivers improved efficiencyFocus on testing and training improvements while promoting global standard work for FinanceStay updated on Oracle system functionalityQualifications:3-5 years of proven experience with Oracle ReceivablesCollege degree in Systems, Accounting or related fieldSome programming (i.e. SQL) a plusThorough knowledge of Oracle R12 Receivables – customers, invoicing and taxStrong Finance and System analysis and problem solving skillsGeneral accounting knowledgeProject management skillsExcellent verbal and written communication skillsKnowledge and ability to use Microsoft Office Tools#LI-RBDue to US Department of Commerce export control regulations governing technical data of Tektronix products, Tektronix needs to know the citizenship of all its employees. Note that US Citizenship is not required for most positions. Hired candidates will be asked to bring proof of citizenship (passport, birth certificate, green card, visa or similar) on their first day of work.All jobs require access to Export Administration Regulations AT1 level technology and therefore a license may be required for citizens of Cuba, North Korea, Iran, or Syria. Applicants must be willing to allow or cooperate with the company in applying for a U.S. government license, if necessary. Employment offer is contingent on Tektronix’s ability to apply and obtain a U.S. government license on your behalf, but Tektronix encourages all applicants to apply. Tektronix, a wholly owned subsidiary of Fortive Corporation, is a place where people are challenged to explore the boundaries of what’s possible, bringing the digital future one step closer every day. Through precision-engineered measurement solutions, we work with our customers to eliminate the barriers between inspiration and realization of world-changing technologies. We believe that cultivating a deeper sense of loyalty and belonging is key to how we attract and retain our best people. This reality inspires our Inclusion & Diversity vision, We Are More Together, and guides our approach as we all work toward creating great places where our teams work and thrive. Realize your true potential at Tektronix – join us in revolutionizing a better tomorrow! We Are an Equal Opportunity EmployerFortive Corporation and all Fortive Companies are proud to be equal opportunity employers. We value and encourage diversity and solicit applications from all qualified applicants without regard to race, color, national origin, religion, sex, age, marital status, disability, veteran status, sexual orientation, gender identity or expression, or other characteristics protected by law. Fortive and all Fortive Companies are also committed to providing reasonable accommodations for applicants with disabilities. Individuals who need a reasonable accommodation because of a disability for any part of the employment process should ask to speak with a Human Resources representative to request an accommodation.‍"
New Relic,"Lead Software Development Engineer, Developer Platform Team - Golang (Remote)",Engineering,Full Time,Portland,"Work arrangement(s) Fully Remote (works exclusively from home)Your opportunityIf you are driven by innovation, passionate about technical excellence, and ready to collaborate with a team of exceptional engineers, apply now for this position at New Relic. Let's embark on an exciting journey of innovation and technical advancements together!At New Relic, we provide businesses with a state-of-the-art observability platform, leveraging advanced technologies to deliver real-time insights into the performance of software applications and infrastructure. As a company at the forefront of the industry, we enable organizations to monitor, analyze, and optimize their systems to achieve enhanced reliability, performance, and user experience. Join us in our mission to revolutionize observability and empower businesses in today's dynamic digital landscape.What you'll doLead and build a scalable developer platform with DevSecOps capabilities to assist engineering teams in developing and deploying secure software.Partner with Product Managers, Engineering Managers and peer engineers to deliver and exceed business goals.Lead the architectural and design definitions with a high degree of innovation and creativity.Create the infrastructure and framework needed to make our systems more scalable and simpler to deploy.Research new frameworks and services to understand sophisticated scenarios and propose new features based on the learning.Work in an agile environment with a DevSecOps approach—teams build and maintain their own secure software, including taking turns with being on-call.This role requiresBachelor's degree in Computer Science or equivalent.8+ years of hands-on professional experience with distributed systems, concurrency, and scaling in a production environment.Hands on advanced programming expertise in Golang, and experience with front end JavaScript library (React). Must be open to adapting, learning, and working with different languages and frameworksExperience with Docker (optimizing image size, multi-arch, multi-stage, and BuildKit) and K8S.Experience with security scanning tools like trivy, Snyk, etc.Experience with administering systems like GitHub enterprise, Artifactory, etc.Comfortable in a fast-paced environment passionate about delivering production code at a regular cadence using Agile techniques, tools and methodologies.Having a collaborative work style that includes colleagues in important decisions and leads to shared code ownershipBonus points if you haveContribution to open source projects.Familiarity with Terraform, Jenkins, AWS Services (EKS, EC2, etc)Proficient in writing software using React, Groovy or other object-oriented languages (C++, Python, etc)Familiarity with language dependency/package tooling such as Gradle / Maven, pip, Rubygems, and npm / yarnUnderstanding the value that DevSecOps practices brings to a development team's efficiency and reliability and are passionate about applying these techniques to your projects.Fostering a diverse, welcoming and inclusive environment is important to us. We work hard to make everyone feel comfortable bringing their best, most authentic selves to work every day. We celebrate our talented Relics’ different backgrounds and abilities, and recognize the different paths they took to reach us – including nontraditional ones. Their experiences and perspectives inspire us to make our products and company the best they can be. We’re looking for people who feel connected to our mission and values, not just candidates who check off all the boxes. If you require a reasonable accommodation to complete any part of the application or recruiting process, please visit https://newrelic.avature.net/accommodations to submit your request.We believe in empowering all Relics to achieve professional and business success through a flexible workforce model. This model allows us to work in a variety of workplaces that best support our success, including fully office-based, fully remote, or hybrid.Our hiring processPlease note that visa sponsorship is not available for this position.In compliance with applicable law, all persons hired will be required to verify identity and eligibility to work and to complete employment eligibility verification. Note: Our stewardship of the data of thousands of customers’ means that a criminal background check is required to join New Relic.We will consider qualified applicants with arrest and conviction records based on individual circumstances and in accordance with applicable law including, but not limited to, the San Francisco Fair Chance Ordinance.Headhunters and recruitment agencies may not submit resumes/CVs through this website or directly to managers. New Relic does not accept unsolicited headhunter and agency resumes, and will not pay fees to any third-party agency or company that does not have a signed agreement with New Relic.New Relic is proud to be an equal opportunity employer. We foster a diverse, equitable, and inclusive environment, free from all types of discrimination, so our Relics can thrive. We hire people with different backgrounds, experiences, abilities and perspectives.Candidates are evaluated based on qualifications, regardless of race, religion, ethnicity, national origin, sex, sexual orientation, gender expression or identity, age, disability, neurodiversity, veteran or marital status, political viewpoint, or other legally protected characteristics. Review our Applicant Privacy Notice at https://newrelic.com/termsandconditions/applicant-privacy-policy.Estimated Base Pay Range: $ 174,000 - $ 218,000The pay range above represents a reasonable estimate of the salary for the listed position. This role is eligible for a corporate bonus plan. Pay within this range varies by work location and may also depend on job-related factors such as an applicant’s skills, qualifications, and experience.New Relic provides a variety of benefits for this role, including healthcare, dental, vision, parental leave and planning, mental health benefits, a 401(k) plan and match, flex time-off, 11 paid holidays, volunteer time off, and other competitive benefits designed to improve the lives of our employees.‍"
ProFocus Technology,Sr Support Technician,Customer Success / Support,Full Time,Portland,"TITLE: Sr Support Technician LOCATION: Hybrid in Tigard, OregonPAY: Dependent on relevant experience and targeting around $75,000. ENGAGEMENT TYPE: Direct Hire (paid out hourly with overtime available)WHAT YOU’LL BE DOINGHelping a Tech Support team mature in their technical processes through advancing their documentation as well as mentoring existing team members as needed. WHO WE’RE LOOKING FOR5+ years’ experience in a helpdesk or technical support role that ideally includes escalation responsibilities, mentoring, strong technical documentation, effective troubleshooting, critical thinking and genuine customer service. Technical Skills:Experience with Active Directory (Azure AD would be ideal)Strong knowledge of desktop PC hardware and software troubleshooting.Familiarity with Microsoft Windows OS, Office, Outlook, Adobe Acrobat software.Experience with network connectivity (wired and wireless), VPNs, and printing issues.Basic understanding of IBM AS/400 system operations and troubleshooting is a plus. Ability to and/or interest in becoming a team technical lead. Clear and effective verbal and written communication skills.Authorization to work in the US is a precondition of employment - we do not sponsor work visas.Please NO Third Party Applicants.ABOUT OUR CLIENTAn employee-owned company, our client prides itself on strong entrepreneurial spirit, a fantastic workplace culture, and strong tenure within their employee base. WHY ProFocus:Candidates come first. ProFocus is a five-time award winner for Best in Staffing for Talent Satisfaction due to our World-Class service to our amazing candidates.Quality process. We invest the time to learn about your skills, experience, and career goals in detail so we can find you a position that is a great fit.Access to hiring managers. We have close relationships with some of the most respected companies, from small businesses to Fortune 500 companies. Due to those relationships, we can provide direct access to managers and positions that may not be available anywhere else.‍"
Columbia Sportswear,Technology Manager - Distribution Center,Business & Management,Full Time,Beaverton / Hillsboro,"ABOUT THE POSITIONThe Columbia Sportswear Supply Chain Technology team is looking for a Technology Manager for our flagship Distribution Centre located in Portland, Oregon. Reporting to the Director – Distribution & Logistics Technology, you will serve as the regional technology leader for Warehouse Management Systems (WMS), Labor Management Systems (LMS), Distribution Data Analytics and Transportation Management Systems (TMS).  The manager is further responsible for all hardware in use in their regional facility, including Warehouse Controls Systems, WIFI and SD-WAN Networks, End User Computing equipment, Automated Equipment such as Sorters, Conveyors and Put to Light systems, telephony and mobile devices.  They help to develop; test and plan Disaster Recovery Processes & maintain preventative maintenance schedules for their local equipment.  The manager is responsible for the local implementation of code developed by our network team.HOW YOU’LL MAKE A DIFFERENCE Lead the implementation of technology changes at the local level.  May include project leadership or facilitation of centrally managed efforts at the local level.Manage implementation and rollout of upgrades and patches for distribution systems such as Warehouse Management, Labor Management, and Transportation Management.Oversee supported equipment, managing repair/replacement and maintaining spare inventory as needed to minimize production downtime.Hire, train, review, and motivate staff. Provide leadership and measure the effectiveness of the team.  Coach team in Agile processes, ITIL foundations for service management and change management.  Engage in succession planning for regional department, ensuring business sustainability for the long term.Work closely with Distribution Center Operations, Digital Technology, Engineering, Facilities and Controls Systems staff to support production requirements and respond in a timely way to production issues.  Includes support, training and follow-up efforts.Actively engage in Continuous Improvement efforts, seeking both Operational and Technical efficiencies.Provide Data Analytics services to DC Operations and Engineering.  May include the development of reports, ad-hoc data mining efforts using SQL or the publishing of dynamic data tools such as Power BI reports.  Follow established change management procedures to roll out new data solutions to other Distribution Centers in the network.Manage the scheduling of a busy 3-shift IT Support operation.  YOU ARE A leader with business engagement skills and the ability to communicate effectively.Able to build relationships and influence outcomes in a highly cross-functional matrix organization.Flexible.  Can translate abstract concepts into defined objectives and drive for results.Experienced in the management of people, processes and projects.YOU HAVE Bachelor’s degree or equivalent in Computer Science, Business or related field. Or relevant work experience.5+ years of progressively complex responsibility in Technology/Information Systems management, preferably with an organization that has implemented highly automated distribution systems.Excellent presentation/verbal/written communication skills to present technical and non-technical information clearly and concisely to individuals of different backgrounds, technical expertise, and levels of authorityThorough knowledge of distribution systems / warehouse management systems (WMS). Manhattan Associates WM knowledge preferred.Experience managing staff across multiple shiftsExperience in industrial technologies such as mobility/RFID/Controls Experience working in Agile environmentsExperience in preparing business cases including ROI models #LI-JD1This job description is not meant to be an all-inclusive list of duties and responsibilities, but constitutes a general definition of the position's scope and function in the company. ‍"
Columbia Sportswear,Equipment and Accessories Designer II,Design,Full Time,Beaverton / Hillsboro,"*This is a hybrid role based out of our HQ in Beaverton, OR. In-office expectation is 3 days a week*.ABOUT THE POSITION As an Equipment and Accessories Designer II, you will participate in design efforts that showcase your design skills to create original, function led innovative designs that reflect Columbia Sportswear’s design ethos that aid in connecting the consumer to their outdoor passions. You will continuously research the needs and requirements of the outdoor consumer through trends in the market (color, style, retail), the greater outdoor industry, and any other end-use relevant activities. In this role, you will be responsible for a group of products and guide it through concept creation, development (including tech packs, style reviews, and participate in fit sessions), color application, and full sample validation. This role sits with the apparel design team, and will also support headwear, gloves, and accessories, as needed.HOW YOU’LL MAKE A DIFFERENCE Provides sketches and line art to communicate design concepts, including multiple views and detail sketches as necessary. Ensures sketches are created with the consumer needs in mind and that they meet the product brief expectations around pricing, function and Columbia DNA design aesthetic. Works effectively with cross-category design teams to provide design & concept boards that communicate seasonal concepts. Participates in in-person or online presentations to articulate seasonal concepts. Develops and maintains open lines of communication with PLMs / Merchandising, Materials Research, Product Development, Fit Engineering and Costing partners within the company.Participates in prototype process for assigned subcategory(s), which includes initiating sample requests by working closely with Technical Designer and Product Developer(s), reviewing samples, and directing revisions as needed throughout the development cycle. Attends fit sessions and categorical team meetings as needed to facilitate process, revisions, and finalization of products. Maintains knowledge and awareness about materials, textiles, components and technologies in the marketplace. Works alongside Senior Designers and Materials Research to define new material areas to research and ways to apply trend.Utilizes innovative solutions and ensures innovative elements are present and functional in majority of designs.YOU ARE Passionate about equipment, accessories, and industrial design sensibilities.Proactive and take initiative.Able to react in a dynamic, creative environment.Passionate about the outdoorsYOU HAVE Bachelor’s degree, applicable certification, or equivalent experience.Typically requires 2-4 years of equipment, accessories, and/or industrial design experience in/or adjacent to the apparel industry, and general proficiency with tools, systems, and procedures. Graphic design experience is a plus.Maintains and grows working knowledge of equipment and accessory design principles and concepts.Experience proofing, preparing, and scrutinizing files for technical errors.General proficiency of all Adobe Creative Suite; Adobe Illustrator expertise required.Competency with MAC work environment with emphasis on accuracy, speed, productivity, and attention to detail.Excellent interpersonal and communication skills with the ability to multi-task and prioritize multiple tasks with varying deadlines.Ability to interact effectively in a complex organization. Must be able to establish excellent working relationships with individuals and teams at various levels and from various fields of expertise.Works to improve processes and create efficiencies.PORTOFLIO LINK INCLUDED IN RESUME REQURED#LI-JC1#HybridThis job description is not meant to be an all-inclusive list of duties and responsibilities, but constitutes a general definition of the position's scope and function in the company. Columbia Sportswear is an equal opportunity employer.  We evaluate qualified applicants without regard to race, color, religion, sex, sexual orientation, gender identity, national origin, disability, veteran status, and other legally protected characteristics. The Know Your Rights poster is available here: https://www.eeoc.gov/poster  The pay transparency policy is available here: https://www.dol.gov/sites/dolgov/files/OFCCP/pdf/pay-transp_%20English_formattedESQA508c.pdf  Columbia Sportswear is committed to working with and providing reasonable accommodations to individuals with disabilities. If you need a reasonable accommodation because of a disability for any part of the employment process, please notify your recruiter.At Columbia Sportswear Company, we’re proud to offer regular full-time employees a benefits package that includes a variety of services and products to help make your life and work more rewarding. Our benefit programs contribute to overall employee well-being by aligning those programs with the fundamental elements of well-being: physical, social/emotional, financial, career and community. Benefits that can protect your family’s financial future and help you save money through our 401k plan plus a generous company match. Columbia offers medical, dental, vision, life Insurance, disability, flexible spending accounts, health savings account, and an assortment of voluntary benefit offerings (accident, critical illness, hospital indemnity, and legal services). In addition, Columbia offers EAP + which is free and confidential 24/7/365 counseling services. We have extensive wellness benefits, employee discounts and a generous time off program available."
The Math Learning Center,Accounts Payable Specialist,Finance & Legal,Full Time,Salem,"The Math Learning Center (MLC) is a non-profit education organization with a track record of developing high-quality mathematics materials, including Bridges in Mathematics. We create materials that engage students, promote classroom community and discourse, and help more than 80,000 elementary teachers across the country deliver effective mathematics instruction.Are you a conscientious Accounts Payable Specialist who has excellent attention to detail and strong organizational skills? If so, this position might be right for you. In this role, you will be an integral part of the accounting team. You will be responsible for accounts payable including matching accounts payable invoices to purchase orders, entering data, troubleshooting issues, and filing accounting department material.This full-time position is in our Salem, Oregon office. Currently, the in-office schedule is 3-5 days per week.What you will do:Process invoices for payment, including verifying that vendor invoices align with purchase orders and other appropriate documentation.Verify that incoming invoices are validated by appropriate internal party.Accurately perform data entry tasks.Respond to internal and external vendor requests for information.Maintain vendor accounts, including W-9 forms, reviewing outstanding credit memos, invoices, vendor statements, and troubleshooting discrepancies.Process employee expense reimbursements and credit card charges, reviewing for compliance with organization reimbursement guidelines, ensuring accurate coding and proper documentation.Code invoices with appropriate general ledger account numbers and cost centers.Organize and maintain record-keeping files for invoices and correspondence.Act as backup for accounts receivable, including receipt entry and check deposit.How you are qualified:Two or more years of accounts payable experience.Associate degree or equivalent combination of professional experience and education.Computer skills and proficiency with Microsoft Office (Word and Excel).Experience with general accounting software.Strong understanding of accounting principles and practices.Must have excellent organizational skills and attention to detail.Excellent written and verbal communication skills.Strong interpersonal and teamwork skills.Ability to handle confidential information.We offer our employees an excellent work environment that includes:An emphasis on collaboration, with all staff expected to participate in achieving organizational goals.A dedicated team of mission-driven professionals passionate about math education.Competitive pay and benefits.Paid Time-Off: 12 holidays, 24 additional days PTO, and a wellness week.Health Insurance (medical, dental, vision): Premiums paid at 100% for employees.Retirement: 401(k) plan with 3% employer contribution and 2% match.Disability and Life Insurance: Employer-paid short-term, long-term, and group life.Offers of employment are contingent upon successfully passing a background check and drug screen. The Math Learning Center requires all employees to have the initial series of the COVID-19 vaccination.The Math Learning Center is an equal opportunity employer. We provide fair and equal opportunities for all employees and job applicants regardless of race, color, religious creed, national origin, ancestry, age, sex, gender, pregnancy, sexual orientation, marital status, familial status, disability, or genetic information, in compliance with applicable federal, state and local law. The Math Learning Center hires and promotes individuals solely on the basis of their qualifications for the job to be filled.‍"
Siemens,Diagnosis Product Engineer,Engineering,Full Time,Wilsonville,"The Tessent Silicon Lifecycle Solutions division seeks a highly motivated, creative, and energetic individual as Product Engineer. Tessent is the market and technology leader of automated tools for insertion of semiconductor design-for-test (DFT) structures, automatic test pattern generation (ATPG), embedded deterministic compression (EDT), diagnosis-driven yield analysis (DDYA), and Embedded Analytics (EA). This position presents a great opportunity to stay involved technically while getting exposure to marketing and interacting with sales. This role will focus on our Tessent Diagnosis and Yield Insight yield products which create our yield learning flows. These technologies combine industry leading ML and Statistical approaches to improve customers time to ramp and product quality.Responsibilities:Define and characterize new product capabilities needed to meet customer requirements.Work collaboratively with Siemen’s engineering to prototype, evaluate, and test new products and features.Lead beta programs and support beta partners.Drive product adoption.Create and deliver in-depth technical presentations, develop training material, white papers, contributed articles, and application notes.Work with customers as well as Siemen’s stakeholders such as regional application.Work through complex technical issues and independently create solutions and new methodologies.Explain complex principles in simple terms to broad audiences.Some travel, domestic and international.Job QualificationBS degree (or equivalent) in Electrical Engineering, Computer Science or related field is required.Must have minimum of 5 years of experience, including 2+ years of experience in logic diagnosis and yield analysis and failure analysis. Background in DFT (Design for Test) for complex ASICs / SOCs, including some of the following areas: Automatic test pattern generation (ATPG), internal scan, embedded compression (EDT), logic built-in self-test (LBIST), IEEE 1687 IJTAG, hierarchical DFT implementation.Experience with Tessent Diagnosis and/or practical use scan test results.Exposure to one or more adjacent IC disciplines such as:some textElectrical and physical failure isolation techniquesYield management systems (commercial or otherwise)ATE use / test program development.NPI (New Product Introduction) for complex SoC’sFabless / foundry / OSAT business modelsProficiency in a scripting language like TCL, Python, ML framework, JMP or other data analytic for test frameworks.Self-motivated and results-oriented with strong problem-solving skills.Excellent organizational skills.Excellent written and verbal English language communication skills.Knowledge of IC design trends and emerging requirements.Proficiency in LINUX and Windows environments.Exposure to Cloud usage, deployment and packagingA collection of over 377,000 minds building the future, one day at a time in over 200 countries. We're dedicated to equality, and we welcome applications that reflect the diversity of the communities we work in. All employment decisions at Siemens are based on qualifications, merit, and business need. Bring your curiosity and creativity and help us shape tomorrow!Siemens Software. Transform the EverydayThe salary range for this position is $101,200 to $182,200 and this role is eligible to earn incentive compensation. The actual compensation offered is based on the successful candidate’s work location as well as additional factors, including job-related skills, experience, and relevant education/training.  Siemens offers a variety of health and wellness benefits to employees. Details regarding our benefits can be found here: www.benefitsquickstart.com. In addition, this position is eligible for time off in accordance with Company policies, including paid sick leave, paid parental leave, PTO (for non-exempt employees) or non-accrued flexible vacation (for exempt employees).#LI-EDA#LI-AJ1#LI-Remote‍Equal Employment Opportunity StatementSiemens is an Equal Opportunity and Affirmative Action Employer encouraging diversity in the workplace. All qualified applicants will receive consideration for employment without regard to their race, color, creed, religion, national origin, citizenship status, ancestry, sex, age, physical or mental disability unrelated to ability, marital status, family responsibilities, pregnancy, genetic information, sexual orientation, gender expression, gender identity, transgender, sex stereotyping, order of protection status, protected veteran or military status, or an unfavorable discharge from military service, and other categories protected by federal, state or local law.Reasonable AccommodationsIf you require a reasonable accommodation in completing a job application, interviewing, completing any pre-employment testing, or otherwise participating in the employee selection process, please fill out the accommodations form by clicking on this link Accomodation for disablity form If you’re unable to complete the form, you can reach out to our AskHR team for support at 1-866-743-6367. Please note our AskHR representatives do not have visibility of application or interview status.EEO is the LawApplicants and employees are protected under Federal law from discrimination. To learn more, Click here.Pay Transparency Non-Discrimination ProvisionSiemens follows Executive Order 11246, including the Pay Transparency Nondiscrimination Provision. To learn more, Click here.California Privacy NoticeCalifornia residents have the right to receive additional notices about their personal information. To learn more, click here.‍"
Lam Research,Senior Project Manager,Business & Management,Full Time,Tualatin,"The Group You’ll Be A Part OfAt Lam Research, the Factory Support Supply Chain Program/Project Manager is part of the Global Operations Group. This group brings together information systems, facilities, supply chain, logistics, and high-volume manufacturing to drive the engine of Lam’s Global business operations. They help Lam deliver industry-leading solutions with speed and efficiency, while actively supporting the resilient and profitable growth of Lam’s business.The Impact You’ll MakeAs a Factory Support Project Manager, you will serve as a crucial link between the manufacturing and supply chain departments. Your role involves consistent interaction with both Supply Chain and Manufacturing to minimize shipment risks. This is achieved by ensuring the accuracy of components, their location, quantity, and quality. This position offers a unique opportunity in Supply Chain Management with opportunity to gain a close understanding of manufacturing operations. Your contributions will be pivotal in enhancing the efficiency and effectiveness of our operations.The candidates most successful in this role are individual contributors, self-starters, that can thrive both independently day-to-day and as a part of collaborative teams as they are a vital part of expediting material to meet manufacturing and customer delivery dates.What You’ll DoAnalyzing Data: This position requires analyzing data in SAP and internal shortage tools to identify, validate, mitigate, and roll up material risk.Supporting Manufacturing and Delivery: Support expediting key material to meet manufacturing and customer delivery dates. The person will act as an interface to cross-functional teams consisting of manufacturing, order fulfillment, logistics, and engineering to ensure the manufacturing production and customer delivery are met.Risk Management: The pivotal function of this job is alarming material risks in advance and escalating on time to prevent shipment risk.Collaboration: Requires collaboration with Global Operations team and consisting of Buyers, Commodity, Supplier Business Managers, Manufacturing, Engineering, and leadership to find all possible solutions to mitigate material allocation priority. Develop and deliver clear and concise communications for leadership teams and stakeholders.Scenario Planning: Factory support should be capable of scenario planning based on provided forecasted plan to share supplier healthiness and drive root cause action plan for improving internal process to prevent shipment delay.Project Management: Manage non-technical, supply chain projects using an internal customer perspective, typically from initiation through delivery. Build solutions that will improve Supply Chain Global Factory Support business processes and support critical business strategies.Forecasting and Planning: Provide forecasting, planning and strategic execution support to the supply chain to meet current and future business requirements.Develop and monitor risk mitigation strategies and coordinate root cause corrective actions.Develop timely reports and key performance indicators to identify/monitor material delivery challenges.Who We’re Looking ForMinimum Qualifications:Bachelor’s degree in Supply Chain, Operations Management, Business, Engineering, or related field.Twelve (12) year's of experience in a similar role.8+ years of related experience in project management or program managementExperience leading cross-functional teams and influencing stakeholders.Advanced analytical skills to interpret and utilize data for decision support.Strong problem-solving abilities and attention to detail.Demonstrate robust comprehension of manufacturing operations and processes.Ability to lead and manage with a cross-functional team.Proficiency using MS Office, creating and giving presentations.Our CommitmentWe believe it is important for every person to feel valued, included, and empowered to achieve their full potential. By bringing unique individuals and viewpoints together, we achieve extraordinary results.Lam Research (""Lam"" or the ""Company"") is an equal opportunity employer. Lam is committed to and reaffirms support of equal opportunity in employment and non-discrimination in employment policies, practices and procedures on the basis of race, religious creed, color, national origin, ancestry, physical disability, mental disability, medical condition, genetic information, marital status, sex (including pregnancy, childbirth and related medical conditions), gender, gender identity, gender expression, age, sexual orientation, or military and veteran status or any other category protected by applicable federal, state, or local laws. It is the Company's intention to comply with all applicable laws and regulations. Company policy prohibits unlawful discrimination against applicants or employees.Lam offers a variety of work location models based on the needs of each role. Our hybrid roles combine the benefits of on-site collaboration with colleagues and the flexibility to work remotely and fall into two categories – On-site Flex and Virtual Flex. ‘On-site Flex’ you’ll work 3+ days per week on-site at a Lam or customer/supplier location, with the opportunity to work remotely for the balance of the week. ‘Virtual Flex’ you’ll work 1-2 days per week on-site at a Lam or customer/supplier location, and remotely the rest of the time.Our Perks and BenefitsAt Lam, our people make amazing things possible. That’s why we invest in you throughout the phases of your life with a comprehensive set of outstanding benefits. Discover more at www.lambenefits.com ‍"
Portland General Electric,Senior Business Systems Analyst - Energy Trading Systems,Business & Management,Full Time,Tualatin,"At PGE, our work involves dreaming about, planning for, and realizing a smarter, cleaner, more enduring Oregon neighborhood. Its core to our DNA and we haven’t stopped since we started in 1888. We energize lives, strengthen communities and drive advancements in energy that promote social, economic and environmental progress. We’re always on the lookout for people passionate about leading and being a part of teams that are advancing innovative clean energy solutions that are also affordable and accessible to all.We're hiring for a position open to both mid-career and senior level candidates. The level will be determined based on the successful applicant's qualifications, experience, and demonstrated skills during the interview process.Job Function SummaryActs as a liaison between IT and the business to elicit, document, analyze and validate requirements for new energy trading and risk systems and enhancement of existing systems. Analyzes business processes/problems to be solved with automated systems. Identifies gaps and provides expertise in business requirements for system specifications and scales new and current systems, processes, and procedures in a cost-effective manner.Business Systems Analyst / Senior Business Systems AnalystSenior Business Systems Analyst Key Job InformationRequires in-depth knowledge and experience working in an Energy, Commodity, or Financial Trading and Risk organization.Experience working with a Energy Trading system.  A preference to Endur is needed, but Allegro, FIS Aligne, or other systems will be considered.Interprets internal or external business issues and recommends best practices. Solves complex problems; takes a broad perspective to identify innovative solutions. Works independently, with guidance in only the most complex situations. Interact daily with end-users, developers, and managers to support and enhance systems and processes.May lead functional teams or small projects in an Agile Delivery Model.Be able to mentor and train junior level Business Analysts. Be able work with user and provide training and guidance new systems and enhancements.  Be able to help users perform user acceptance testing cycles. Key ResponsibilitiesBusiness Analysis (BUAN) Takes responsibility for investigative work to determine business requirements and specify effective business processes, through improvements in information systems, information management, practices, procedures, and organization change. Applies and monitors the use of modelling and analysis tools, methods and standards, giving special consideration to business perspectives. Collaborates with stakeholders at all levels, in the conduct of investigations for strategy studies, business requirements specifications and feasibility studies. Prepares business cases which define potential benefits, options for achieving these benefits through development of new or changed processes, and associated business risks. Requirements Definition and Management (REQM) Facilitates scoping and business priority setting for large or complex changes, engaging senior stakeholders as required. Selects the most appropriate means of representing business requirements in the context of a specific change initiative. Drives the requirements elicitation process where necessary, identifying what stakeholder input is required. Obtains formal agreement from a large and diverse range of potentially senior stakeholders and recipients to the scope and requirements, plus the establishment of a baseline on which delivery of a solution can commence. Takes responsibility for the investigation and application of changes to program scope. Identifies the impact on business requirements of external impacts affecting a program or project. Consultancy (CNSL) Manages provision of consultancy services and/or management of a team of consultants. In own areas of expertise, provides advice and guidance to consultants and/or the client through involvement in the delivery of consultancy services. Engages with clients and maintains client relationships. Establishes agreements/contracts and manages completion and disengagement.Business Process Improvement (BPRE) Analyzes business processes; identifies alternative solutions, assesses feasibility, and recommends new approaches, typically seeking to exploit technology components. Evaluates the financial, cultural, technological, organizational, and environmental factors which must be addressed in the change program. Establishes client requirements for the implementation of significant changes in organizational mission, business functions and process, organizational roles and responsibilities, and scope or nature of service delivery. Benefits Management (BENM) Identifies specific measures and mechanisms by which benefits can be measured and plans to activate these mechanisms at the required time. Monitors benefits against what was predicted in the business case and ensures that all participants are informed and involved throughout the change program and fully prepared to exploit the new operational business environment once it is in place. Supports senior management to ensure that all plans, work packages and deliverables are aligned to the expected benefits and leads activities required in the realization of the benefits of each part of the change program.  Education/Experience/CertificationsRequires a bachelor’s degree in business, computer science, engineering, management or other related field or equivalent experience. Typically, eight or more years in related field. Preferred experience in or knowledge of specific line of business and/or IT environment. Certified Business Analysis Professional (CBAP) certification preferred.  Competencies (Knowledge, Skills, Abilities)Functional CompetenciesWork with Front, Middle and Back Office functions with configuration, enhancement, and daily support of Trading (paper, physical), Logistics (Scheduling), Risk (Market, Credit, Operational, Compliance, etc.), and Settlements (AR/AP Process, Invoice Management, etc.) business teams.Expert knowledge of discovery techniques and requirements definition. Provide inputs on optimizing the product configuration, customization, and integration needs.Be able to reconcile large amounts of data in a regression testing process.Create strategies and apply best practices for designing, configuring, customizing, integrating, and implementing energy trading and risk management solutions.Advanced knowledge of client relationship management techniques and client. SerIncrease business effectiveness and efficiency by implementing new product version capabilities.Exposure to Risk Data Analytics, and Statistical platforms and methodologies such as cQaunt, Matlab, or SAS.Able to Maintain in-depth knowledge of Trading, Risk Management and Scheduling tools (including third party, Ion and OATI products a plus) and emerging trends.Project Management experience or leading small teams.General CompetenciesAdvanced customer focus skills. Advanced oral and written communication skills. Advanced organization and prioritization skills. Advanced meeting facilitation skills. Intermediate team building skills Intermediate developing others skills. Required for both LevelsPhysical and Cognitive Demands Cognitive Level Substantial: Consistent use of logic or scientific thinking to define problems, collect information, establish facts, and draw valid conclusions (for example, engineer, HR director, plant manager, etc.).Ability to adhere to set response times, deadlines, and time-sensitive tasks.Ability to follow accuracy standards.Ability to follow through on decision-making tasks.Ability to interact effectively and collaboratively within a team environment.Ability to communicate and problem solve when under stress.Ability to respond and adapt to frequent change.Ability to accept and demonstrate self-awareness when provided constructive feedback.Ability to discern feedback and acknowledge ownership of areas of improvement.Ability to avoid future mistakes by applying reasonable skills to new but similar work situations or tasks.Ability to successfully collaborate with peers, managers, and others within the organization.Demonstrates sound memory.Ability to process new information to be applied consistently to work tasks.Schedule/Attendance Ability to adhere to pre-established schedule, including start/stop time and break/lunch schedule.Ability to work long hours.Ability to work a variable schedule.Ability to report to work and perform work during periods of severe inclement weather.Ability to consistently meet attendance standards for regular, reliable, predictable, full-time attendance.Ability to work shift schedule.Ability to work on-call schedule.Physical CapabilitiesComputer use (use computer regularly for entire work shift)Environment - Indoor/Outdoor OfficePGE supports hybrid flexible work arrangements; and will have a combination of in-the-office and working offsite. This individual will need to be located within 75 miles from job location and will need to work in-the-office at least one day a week. However, these arrangements may change due to business needs or changes in responsibility.#LI-CU1#HybridCompensation Range:$72,900.00 - $145,375.00Actual total compensation, including a performance based incentive bonus, is commensurate with experience, skills, qualifications, education, training, and internal equity. While we anticipate the selected candidate for this position will fall towards the middle or entry point of the compensation range, the decision will be made on a case-by-case basis.PGE believes in rewarding dedicated performance. We provide a total rewards package that is designed to reward your contributions to the company, and, at the same time, support your well-being and professional development, both now and into the future. To find out more, click here.Join us today and power your potential!Assisting with storms or other Company emergencies is a part of all positions at Portland General Electric.PGE is committed to diversity and inclusion in the workplace and is an equal opportunity employer. PGE will not discriminate against any employee or applicant for employment based on race, color, national origin, gender, gender identity, sexual orientation, age, religion, disability, protected veteran status, or other characteristics protected by law.PGE does not discriminate on the basis of disability. We recognize individuals have a variety of abilities to offer and we believe there is much to value and celebrate by incorporating different abilities into the work we do. One very important way we live this out is in our application and interview process. We work hard to support individuals who may need an accommodation to fully participate in these processes. If you feel you may need an accommodation, or would like to request one, please notify the Talent Acquisition Specialist (Recruiter) associated with the job posting. You may also make this request by contacting talentacquisition@pgn.com or by calling 503-464-7250. The Recruiter will provide information and next steps for the accommodation process.  Our Diversity, Equity & Inclusion (DEI) team is also available for support.  You can contact them at dei@pgn.com.‍"
